상품명,가격
광동 비타500 데일리스틱 180포,"29,900"
광동 비타500 데일리스틱 70포,"14,900"
광동 비타500 데일리스틱 70포 2박스,"27,900"
광동 장건강엔생유산균 50포 + 비타500데일리스틱 10포 증정,"21,900"
광동 브라질 그린프로폴리스 60캡슐 + 비타500데일리스틱 10포 증정,"24,900"
광동 아이누리 톡톡 생유산균 60포 + 비타500데일리스틱 10포 증정,"23,900"
광동 비타500 로열폴리스 120mlx50병,"42,500"
광동 비타500 칼슘 100ml x 50병,"22,500"
광동 비타500F 240mlx24입,"14,900"
광동 비타500젤리 48g x50입,"50,000"
광동 비타500F 240mlx30입,"18,000"
광동 비타500 아연 180mlx40입,"30,500"
광동 비타500 치어팩 250mlx30입,"25,000"
광동 비타500 Fresh 100mlx100입,"39,500"
광동 비타500 100ml x 50병,"21,500"
광동 비타500 100mlx100입,"39,500"
광동 비타500F 스파클링 250mlx24입,"13,520"
광동 비타500 데일리스틱 30포,"10,900"
